Title,Release,Geek_Rating,Num_Voters,Community_Players,Best_Players,Playing _Time,Link
Brass: Birmingham,2018,8.415,46156,2~4,3~4,60~120,https://boardgamegeek.com/boardgame/224517/brass-birmingham
Pandemic Legacy: Season 1,2015,8.379,53583,2~4,4,60,https://boardgamegeek.com/boardgame/161936/pandemic-legacy-season-1
Gloomhaven,2017,8.352,62276,1~4,3,60~120,https://boardgamegeek.com/boardgame/174430/gloomhaven
Ark Nova,2021,8.335,43829,1~3,2,90~150,https://boardgamegeek.com/boardgame/342942/ark-nova
Twilight Imperium: Fourth Edition,2017,8.241,23890,3~6,6,240~480,https://boardgamegeek.com/boardgame/233078/twilight-imperium-fourth-edition
Dune: Imperium,2020,8.231,45744,1~4,3~4,60~120,https://boardgamegeek.com/boardgame/316554/dune-imperium
Terraforming Mars,2016,8.212,99328,1~4,3,120,https://boardgamegeek.com/boardgame/167791/terraforming-mars
War of the Ring: Second Edition,2011,8.187,21431,2,2,150~180,https://boardgamegeek.com/boardgame/115746/war-of-the-ring-second-edition
Star Wars: Rebellion,2016,8.171,32539,2,2,180~240,https://boardgamegeek.com/boardgame/187645/star-wars-rebellion
Gloomhaven: Jaws of the Lion,2020,8.164,34412,1~4,2,30~120,https://boardgamegeek.com/boardgame/291457/gloomhaven-jaws-of-the-lion
Spirit Island,2017,8.145,51723,1~4,2,90~120,https://boardgamegeek.com/boardgame/162886/spirit-island
Gaia Project,2017,8.113,27205,1~4,3~4,60~150,https://boardgamegeek.com/boardgame/220308/gaia-project
Twilight Struggle,2005,8.068,48855,2,2,120~180,https://boardgamegeek.com/boardgame/12333/twilight-struggle
Through the Ages: A New Story of Civilization,2015,8.059,31699,2~4,3,120,https://boardgamegeek.com/boardgame/182028/through-the-ages-a-new-story-of-civilization
Great Western Trail,2016,8.026,40910,2~4,3,75~150,https://boardgamegeek.com/boardgame/193738/great-western-trail
The Castles of Burgundy,2011,8.016,62400,2~4,2,30~90,https://boardgamegeek.com/boardgame/84876/the-castles-of-burgundy
Scythe,2016,7.992,83669,1~5,4,90~115,https://boardgamegeek.com/boardgame/169786/scythe
Eclipse: Second Dawn for the Galaxy,2020,7.977,13661,2~6,4,60~200,https://boardgamegeek.com/boardgame/246900/eclipse-second-dawn-for-the-galaxy
7 Wonders Duel,2015,7.972,94864,2,2,30,https://boardgamegeek.com/boardgame/173346/7-wonders-duel
Brass: Lancashire,2007,7.962,24968,2~4,4,60~120,https://boardgamegeek.com/boardgame/28720/brass-lancashire
Nemesis,2018,7.954,30660,1~5,4~5,90~180,https://boardgamegeek.com/boardgame/167355/nemesis
Clank! Legacy: Acquisitions Incorporated,2019,7.946,9461,2~4,4,90~120,https://boardgamegeek.com/boardgame/266507/clank-legacy-acquisitions-incorporated
A Feast for Odin,2016,7.944,28613,1~4,3,30~120,https://boardgamegeek.com/boardgame/177736/a-feast-for-odin
Concordia,2013,7.942,40566,2~5,4,100,https://boardgamegeek.com/boardgame/124361/concordia
Great Western Trail: Second Edition,2021,7.903,12767,1~4,3,75~150,https://boardgamegeek.com/boardgame/341169/great-western-trail-second-edition
Arkham Horror: The Card Game,2016,7.901,43177,1~2+,2,60~120,https://boardgamegeek.com/boardgame/205637/arkham-horror-the-card-game
Wingspan,2019,7.898,93522,1~4,3,40~70,https://boardgamegeek.com/boardgame/266192/wingspan
Lost Ruins of Arnak,2020,7.897,44319,1~4,3,30~120,https://boardgamegeek.com/boardgame/312484/lost-ruins-of-arnak
Terra Mystica,2012,7.896,48057,2~5,4,60~150,https://boardgamegeek.com/boardgame/120677/terra-mystica
Frosthaven,2022,7.893,7014,1~4,3,90~180,https://boardgamegeek.com/boardgame/295770/frosthaven
Root,2018,7.886,51541,3~4,4,60~90,https://boardgamegeek.com/boardgame/237182/root
Orléans,2014,7.873,31437,2~4,4,90,https://boardgamegeek.com/boardgame/164928/orleans
Too Many Bones,2017,7.865,13423,1~4,3,60~120,https://boardgamegeek.com/boardgame/192135/too-many-bones
Mage Knight Board Game,2011,7.853,33346,1~3,1~2,60~240,https://boardgamegeek.com/boardgame/96848/mage-knight-board-game
Barrage,2019,7.847,17773,2~4,4,60~120,https://boardgamegeek.com/boardgame/251247/barrage
Everdell,2018,7.846,54896,1~4,3,40~80,https://boardgamegeek.com/boardgame/199792/everdell
The Crew: Mission Deep Sea,2021,7.844,17691,3~5,4,20,https://boardgamegeek.com/boardgame/324856/the-crew-mission-deep-sea
Viticulture Essential Edition,2015,7.839,48811,1~5,3~4,45~90,https://boardgamegeek.com/boardgame/183394/viticulture-essential-edition
Food Chain Magnate,2015,7.801,20482,2~5,3~4,120~240,https://boardgamegeek.com/boardgame/175914/food-chain-magnate
Heat: Pedal to the Metal,2022,7.800,23181,1~6,5~6,30~60,https://boardgamegeek.com/boardgame/366013/heat-pedal-to-the-metal
Marvel Champions: The Card Game,2019,7.798,23691,1~3,1~2,45~90,https://boardgamegeek.com/boardgame/285774/marvel-champions-the-card-game
Pax Pamir: Second Edition,2019,7.795,14146,1~5,4,45~120,https://boardgamegeek.com/boardgame/256960/pax-pamir-second-edition
Underwater Cities,2018,7.785,19681,1~3,2,80~150,https://boardgamegeek.com/boardgame/247763/underwater-cities
Puerto Rico,2002,7.777,71029,2~5,4,90~150,https://boardgamegeek.com/boardgame/3076/puerto-rico
Cascadia,2021,7.772,38947,1~4,2~3,30~45,https://boardgamegeek.com/boardgame/295947/cascadia
Crokinole,1876,7.768,18079,"2, 4",2,30,https://boardgamegeek.com/boardgame/521/crokinole
Kanban EV,2020,7.766,7709,1~4,3,60~180,https://boardgamegeek.com/boardgame/284378/kanban-ev
Caverna: The Cave Farmers,2013,7.763,34855,1~5,4,30~210,https://boardgamegeek.com/boardgame/102794/caverna-the-cave-farmers
Anachrony,2017,7.757,18690,1~4,3,30~120,https://boardgamegeek.com/boardgame/185343/anachrony
Blood Rage,2015,7.755,47229,3~4+,4,60~90,https://boardgamegeek.com/boardgame/170216/blood-rage
On Mars,2020,7.751,12650,1~4,3,90~150,https://boardgamegeek.com/boardgame/184267/on-mars
Pandemic Legacy: Season 0,2020,7.749,7700,2~4,4,45~60,https://boardgamegeek.com/boardgame/314040/pandemic-legacy-season-0
Agricola,2007,7.748,72848,1~5,3~4,30~150,https://boardgamegeek.com/boardgame/31260/agricola
Sleeping Gods,2021,7.741,12094,1~3,2,60~1200,https://boardgamegeek.com/boardgame/255984/sleeping-gods
Pandemic Legacy: Season 2,2017,7.721,16906,2~4,4,60,https://boardgamegeek.com/boardgame/221107/pandemic-legacy-season-2
Lisboa,2017,7.720,11149,1~4,3,60~120,https://boardgamegeek.com/boardgame/161533/lisboa
Mansions of Madness: Second Edition,2016,7.714,36448,1~5,3~4,120~180,https://boardgamegeek.com/boardgame/205059/mansions-of-madness-second-edition
Cthulhu: Death May Die,2019,7.712,12510,1~4,3,90~120,https://boardgamegeek.com/boardgame/253344/cthulhu-death-may-die
Tzolk'in: The Mayan Calendar,2012,7.702,39379,2~4,4,90,https://boardgamegeek.com/boardgame/126163/tzolkin-the-mayan-calendar
Obsession,2018,7.701,12524,1~4,2,30~90,https://boardgamegeek.com/boardgame/231733/obsession
Maracaibo,2019,7.701,16371,1~4,3,30~120,https://boardgamegeek.com/boardgame/276025/maracaibo
Power Grid,2004,7.700,65519,3~6,4~5,120,https://boardgamegeek.com/boardgame/2651/power-grid
Grand Austria Hotel,2015,7.691,21027,2~3,2,60~120,https://boardgamegeek.com/boardgame/182874/grand-austria-hotel
The Quacks of Quedlinburg,2018,7.682,49850,2~4,4,45,https://boardgamegeek.com/boardgame/244521/the-quacks-of-quedlinburg
Clans of Caledonia,2017,7.681,20446,1~4,4,30~120,https://boardgamegeek.com/boardgame/216132/clans-of-caledonia
Le Havre,2008,7.680,31735,1~4,3,30~150,https://boardgamegeek.com/boardgame/35677/le-havre
Paladins of the West Kingdom,2019,7.680,17850,1~3,2,90~120,https://boardgamegeek.com/boardgame/266810/paladins-of-the-west-kingdom
The Gallerist,2015,7.676,14647,1~4,3~4,60~150,https://boardgamegeek.com/boardgame/125153/the-gallerist
Star Wars: Imperial Assault,2014,7.673,24665,2~5,2,60~120,https://boardgamegeek.com/boardgame/164153/star-wars-imperial-assault
Oathsworn: Into the Deepwood,2022,7.672,4765,1~4,2,30~90,https://boardgamegeek.com/boardgame/251661/oathsworn-into-the-deepwood
Mechs vs. Minions,2016,7.661,17467,2~4,4,60~120,https://boardgamegeek.com/boardgame/209010/mechs-vs-minions
The Crew: The Quest for Planet Nine,2019,7.660,41738,3~5,4,20,https://boardgamegeek.com/boardgame/284083/the-crew-the-quest-for-planet-nine
Android: Netrunner,2012,7.659,30146,2,2,45,https://boardgamegeek.com/boardgame/124742/android-netrunner
Hegemony: Lead Your Class to Victory,2023,7.655,6470,2~4,4,90~180,https://boardgamegeek.com/boardgame/321608/hegemony-lead-your-class-to-victory
Kingdom Death: Monster,2015,7.653,9670,1~4,4,60~180,https://boardgamegeek.com/boardgame/55690/kingdom-death-monster
Agricola (Revised Edition),2016,7.640,17917,1~4,3~4,30~120,https://boardgamegeek.com/boardgame/200680/agricola-revised-edition
Azul,2017,7.637,90762,2~4,2,30~45,https://boardgamegeek.com/boardgame/230802/azul
Race for the Galaxy,2007,7.631,55576,2~4,2,30~60,https://boardgamegeek.com/boardgame/28143/race-for-the-galaxy
Five Tribes: The Djinns of Naqala,2014,7.623,41543,2~4,2,40~80,https://boardgamegeek.com/boardgame/157354/five-tribes-the-djinns-of-naqala
Eclipse: New Dawn for the Galaxy,2011,7.617,28403,2~6,4,60~180,https://boardgamegeek.com/boardgame/72125/eclipse-new-dawn-for-the-galaxy
Clank!: A Deck-Building Adventure,2016,7.615,42384,2~4,3,30~60,https://boardgamegeek.com/boardgame/201808/clank-a-deck-building-adventure
Aeon's End,2016,7.614,20726,1~4,2,60,https://boardgamegeek.com/boardgame/191189/aeons-end
Fields of Arle,2014,7.602,11037,1~2,2,60~120,https://boardgamegeek.com/boardgame/159675/fields-of-arle
Beyond the Sun,2020,7.598,14580,2~4,3,60~120,https://boardgamegeek.com/boardgame/317985/beyond-the-sun
Teotihuacan: City of Gods,2018,7.597,19968,1~4,4,90~120,https://boardgamegeek.com/boardgame/229853/teotihuacan-city-of-gods
Lords of Waterdeep,2012,7.592,55653,2~5,3~4,60~120,https://boardgamegeek.com/boardgame/110327/lords-of-waterdeep
Through the Ages: A Story of Civilization,2006,7.592,19387,2~4,3,120,https://boardgamegeek.com/boardgame/25613/through-the-ages-a-story-of-civilization
Dominant Species,2010,7.579,21273,3~6,4,120~240,https://boardgamegeek.com/boardgame/62219/dominant-species
El Grande,1995,7.577,29037,3~5,5,60~120,https://boardgamegeek.com/boardgame/93/el-grande
The Voyages of Marco Polo,2015,7.575,24910,2~4,4,40~100,https://boardgamegeek.com/boardgame/171623/the-voyages-of-marco-polo
Robinson Crusoe: Adventures on the Cursed Island,2012,7.573,43503,1~4,1~2,60~120,https://boardgamegeek.com/boardgame/121921/robinson-crusoe-adventures-on-the-cursed-island
7 Wonders,2010,7.573,104803,3~7,4~5,30,https://boardgamegeek.com/boardgame/68448/7-wonders
Dune: Imperium – Uprising,2023,7.568,4372,"1~4, 6",4,60~120,https://boardgamegeek.com/boardgame/397598/dune-imperium-uprising
The Search for Planet X,2020,7.567,12322,1~4,2~3,60~75,https://boardgamegeek.com/boardgame/279537/the-search-for-planet-x
Sky Team,2023,7.552,7464,2,2,15,https://boardgamegeek.com/boardgame/373106/sky-team
Concordia Venus,2018,7.551,5901,2~6,4,60~120,https://boardgamegeek.com/boardgame/256916/concordia-venus
Tainted Grail: The Fall of Avalon,2019,7.549,12470,1~3,1~2,60~120,https://boardgamegeek.com/boardgame/264220/tainted-grail-the-fall-of-avalon
Decrypto,2018,7.542,22692,4~8,4,15~45,https://boardgamegeek.com/boardgame/225694/decrypto
Inis,2016,7.541,20261,2~4,4,60~90,https://boardgamegeek.com/boardgame/155821/inis
Battlestar Galactica: The Board Game,2008,7.539,36543,4~6,5,120~180,https://boardgamegeek.com/boardgame/37111/battlestar-galactica-the-board-game
Architects of the West Kingdom,2018,7.538,29182,1~5,4,60~80,https://boardgamegeek.com/boardgame/236457/architects-of-the-west-kingdom
Trickerion: Legends of Illusion,2015,7.536,10976,2~4,4,60~180,https://boardgamegeek.com/boardgame/163068/trickerion-legends-of-illusion
Age of Innovation,2023,7.535,3885,1~5,4,40~200,https://boardgamegeek.com/boardgame/383179/age-of-innovation
Carnegie,2022,7.526,9217,1~4,4,90~120,https://boardgamegeek.com/boardgame/310873/carnegie
Keyflower,2012,7.524,23176,2~6,4,90~120,https://boardgamegeek.com/boardgame/122515/keyflower
Revive,2022,7.524,7250,1~4,3,90~120,https://boardgamegeek.com/boardgame/332772/revive
Raiders of the North Sea,2015,7.522,24187,2~4,3,60~80,https://boardgamegeek.com/boardgame/170042/raiders-of-the-north-sea
Tigris & Euphrates,1997,7.518,28735,2~4,4,60~120,https://boardgamegeek.com/boardgame/42/tigris-and-euphrates
SCOUT,2019,7.518,15492,3~5,4,15,https://boardgamegeek.com/boardgame/291453/scout
Caylus,2005,7.517,29186,2~5,3,60~150,https://boardgamegeek.com/boardgame/18602/caylus
Wingspan Asia,2022,7.516,5947,1~2+,2,40~70,https://boardgamegeek.com/boardgame/366161/wingspan-asia
Dominion: Intrigue,2009,7.516,33707,2~4,3,30,https://boardgamegeek.com/boardgame/40834/dominion-intrigue
Lorenzo il Magnifico,2016,7.515,13886,2~4,3~4,60~120,https://boardgamegeek.com/boardgame/203993/lorenzo-il-magnifico
Eldritch Horror,2013,7.512,36549,1~6,4,120~240,https://boardgamegeek.com/boardgame/146021/eldritch-horror
Troyes,2010,7.511,23571,2~4,3,90,https://boardgamegeek.com/boardgame/73439/troyes
Dwellings of Eldervale,2020,7.511,7235,1~5,3,60~150,https://boardgamegeek.com/boardgame/271055/dwellings-of-eldervale
Mombasa,2015,7.510,13286,2~4,4,75~150,https://boardgamegeek.com/boardgame/172386/mombasa
The Lord of the Rings: Journeys in Middle-Earth,2019,7.507,16388,1~4,2,60~120,https://boardgamegeek.com/boardgame/269385/the-lord-of-the-rings-journeys-in-middle-earth
The 7th Continent,2017,7.506,22286,1~3,1~2,5~1000,https://boardgamegeek.com/boardgame/180263/the-7th-continent
Clank!: Catacombs,2022,7.503,5919,2~4,3,45~90,https://boardgamegeek.com/boardgame/365717/clank-catacombs
Twilight Imperium: Third Edition,2005,7.496,19288,4~6,6,180~240,https://boardgamegeek.com/boardgame/12493/twilight-imperium-third-edition
The Quest for El Dorado,2017,7.492,25798,2~4,2,30~60,https://boardgamegeek.com/boardgame/217372/the-quest-for-el-dorado
Splendor Duel,2022,7.490,11016,2,2,30,https://boardgamegeek.com/boardgame/364073/splendor-duel
Darwin's Journey,2023,7.489,6516,1~4,3,60~120,https://boardgamegeek.com/boardgame/322289/darwins-journey
Patchwork,2014,7.488,66197,2,2,15~30,https://boardgamegeek.com/boardgame/163412/patchwork
Russian Railroads,2013,7.488,18015,2~4,4,120,https://boardgamegeek.com/boardgame/144733/russian-railroads
Trajan,2011,7.486,17774,2~4,4,60~120,https://boardgamegeek.com/boardgame/102680/trajan
Final Girl,2021,7.486,6411,1,1,20~60,https://boardgamegeek.com/boardgame/277659/final-girl
Dominion,2008,7.481,91118,2~4,3,30,https://boardgamegeek.com/boardgame/36218/dominion
Rising Sun,2018,7.476,21326,3~5+,4~5,90~120,https://boardgamegeek.com/boardgame/205896/rising-sun
Age of Steam,2002,7.474,11344,3~6,4,120,https://boardgamegeek.com/boardgame/4098/age-of-steam
Hansa Teutonica,2009,7.468,15678,3~5,5,45~90,https://boardgamegeek.com/boardgame/43015/hansa-teutonica
Ra,1999,7.468,26188,2~5,3~4,45~60,https://boardgamegeek.com/boardgame/12/ra
Vinhos: Deluxe Edition,2016,7.466,6915,1~4,4,60~135,https://boardgamegeek.com/boardgame/175640/vinhos-deluxe-edition
Aeon's End: War Eternal,2017,7.464,5715,1~4,2,60,https://boardgamegeek.com/boardgame/218417/aeons-end-war-eternal
Clank! In! Space!: A Deck-Building Adventure,2017,7.459,14474,2~4,3,45~90,https://boardgamegeek.com/boardgame/233371/clank-in-space-a-deck-building-adventure
Iberia,2016,7.455,10853,1~5,4,45,https://boardgamegeek.com/boardgame/198928/iberia
Forbidden Stars,2015,7.450,9286,2~4,3,120~180,https://boardgamegeek.com/boardgame/175155/forbidden-stars
Nemesis: Lockdown,2022,7.449,5704,1~5,4,90~180,https://boardgamegeek.com/boardgame/310100/nemesis-lockdown
Codenames,2015,7.448,92255,4~8+,6,15,https://boardgamegeek.com/boardgame/178900/codenames
Champions of Midgard,2015,7.445,17541,2~4,4,60~90,https://boardgamegeek.com/boardgame/172287/champions-of-midgard
Yokohama,2016,7.441,11653,2~4,3,90,https://boardgamegeek.com/boardgame/196340/yokohama
The Isle of Cats,2019,7.440,21759,1~4,3,60~90,https://boardgamegeek.com/boardgame/281259/the-isle-of-cats
PARKS,2019,7.438,25564,1~4,3,30~60,https://boardgamegeek.com/boardgame/266524/parks
Roll for the Galaxy,2014,7.436,31880,2~5,3~4,45,https://boardgamegeek.com/boardgame/132531/roll-for-the-galaxy
Just One,2018,7.434,27841,4~7+,6~7,20~60,https://boardgamegeek.com/boardgame/254640/just-one
Pandemic,2008,7.429,125795,1~4,4,45,https://boardgamegeek.com/boardgame/30549/pandemic
Cartographers,2019,7.425,29635,1~9,3~4,30~45,https://boardgamegeek.com/boardgame/263918/cartographers
Targi,2012,7.424,23734,2,2,60,https://boardgamegeek.com/boardgame/118048/targi
Res Arcana,2019,7.423,22199,2~4,2,30~60,https://boardgamegeek.com/boardgame/262712/res-arcana
Rajas of the Ganges,2017,7.421,14264,2~4,4,45~75,https://boardgamegeek.com/boardgame/220877/rajas-of-the-ganges
Wonderland's War,2022,7.420,6871,2~5,4,45~125,https://boardgamegeek.com/boardgame/227935/wonderlands-war
The White Castle,2023,7.418,8385,1~4,3,80,https://boardgamegeek.com/boardgame/371942/the-white-castle
Alchemists,2014,7.417,22879,2~4,4,120,https://boardgamegeek.com/boardgame/161970/alchemists
Star Realms,2014,7.417,44853,2,2,20,https://boardgamegeek.com/boardgame/147020/star-realms
Hadrian's Wall,2021,7.417,8144,1~3,1,30~60,https://boardgamegeek.com/boardgame/304783/hadrians-wall
Watergate,2019,7.414,11979,2,2,30~60,https://boardgamegeek.com/boardgame/274364/watergate
It's a Wonderful World,2019,7.412,19021,1~5,4,45,https://boardgamegeek.com/boardgame/271324/its-a-wonderful-world
Praga Caput Regni,2020,7.410,8800,1~4,3,45~150,https://boardgamegeek.com/boardgame/308765/praga-caput-regni
Kemet,2012,7.405,19252,3~5,4~5,90~120,https://boardgamegeek.com/boardgame/127023/kemet
Ticket to Ride: Europe,2005,7.404,76689,2~5,4,30~60,https://boardgamegeek.com/boardgame/14996/ticket-to-ride-europe
Tyrants of the Underdark,2016,7.403,9164,2~4,4,60,https://boardgamegeek.com/boardgame/189932/tyrants-of-the-underdark
Sherlock Holmes Consulting Detective: The Thames Murders & Other Cases,1982,7.401,21435,1~4,2,60~120,https://boardgamegeek.com/boardgame/2511/sherlock-holmes-consulting-detective-the-thames-mu
Stone Age,2008,7.400,52872,2~4,4,60~90,https://boardgamegeek.com/boardgame/34635/stone-age
Magic: The Gathering,1993,7.399,39863,2+,2,20,https://boardgamegeek.com/boardgame/463/magic-the-gathering
Undaunted: Normandy,2019,7.399,11775,2,2,45~60,https://boardgamegeek.com/boardgame/268864/undaunted-normandy
Endeavor: Age of Sail,2018,7.398,9410,2~5,4,60~90,https://boardgamegeek.com/boardgame/233398/endeavor-age-of-sail
Terraforming Mars: Ares Expedition,2021,7.398,17396,1~4,3,45~60,https://boardgamegeek.com/boardgame/328871/terraforming-mars-ares-expedition
The Lord of the Rings: The Card Game,2011,7.398,24209,1~2+,2,30~60,https://boardgamegeek.com/boardgame/77423/the-lord-of-the-rings-the-card-game
Legendary Encounters: An Alien Deck Building Game,2014,7.394,13205,1~4,3,30~60,https://boardgamegeek.com/boardgame/146652/legendary-encounters-an-alien-deck-building-game
Blood on the Clocktower,2022,7.392,5520,7~16,9~12,30~120,https://boardgamegeek.com/boardgame/240980/blood-on-the-clocktower
Viscounts of the West Kingdom,2020,7.389,9698,1~4,3,60~90,https://boardgamegeek.com/boardgame/296151/viscounts-of-the-west-kingdom
Star Wars: X-Wing Miniatures Game,2012,7.387,25023,2+,2,30~45,https://boardgamegeek.com/boardgame/103885/star-wars-x-wing-miniatures-game
Marco Polo II: In the Service of the Khan,2019,7.387,7284,2~4,3,60~120,https://boardgamegeek.com/boardgame/283948/marco-polo-ii-in-the-service-of-the-khan
Glen More II: Chronicles,2019,7.386,8256,2~4,3,90~120,https://boardgamegeek.com/boardgame/265188/glen-more-ii-chronicles
Istanbul,2014,7.386,31426,2~5,4,40~60,https://boardgamegeek.com/boardgame/148949/istanbul
War Chest,2018,7.383,10098,"2, 4",2,30,https://boardgamegeek.com/boardgame/249259/war-chest
That's Pretty Clever!,2018,7.383,24538,1~4,2,30,https://boardgamegeek.com/boardgame/244522/thats-pretty-clever
Xia: Legends of a Drift System,2014,7.380,10044,2~4,3,60~180,https://boardgamegeek.com/boardgame/82222/xia-legends-of-a-drift-system
Dominion (Second Edition),2016,7.379,10175,2~4,2~3,30,https://boardgamegeek.com/boardgame/209418/dominion-second-edition
Radlands,2021,7.379,10444,2,2,20~40,https://boardgamegeek.com/boardgame/329082/radlands
Welcome To...,2018,7.378,31025,1~11,3~4,25,https://boardgamegeek.com/boardgame/233867/welcome-to
Too Many Bones: Undertow,2018,7.375,3343,1~2+,2,60~180,https://boardgamegeek.com/boardgame/235802/too-many-bones-undertow
Unmatched: Cobble & Fog,2020,7.373,7565,"2, 4",2,20~40,https://boardgamegeek.com/boardgame/294484/unmatched-cobble-and-fog
Jaipur,2009,7.372,51775,2,2,30,https://boardgamegeek.com/boardgame/54043/jaipur
Great Western Trail: New Zealand,2023,7.369,3274,1~4,3,75~150,https://boardgamegeek.com/boardgame/380607/great-western-trail-new-zealand
Voidfall,2023,7.362,3667,1~4,3,90~240,https://boardgamegeek.com/boardgame/337627/voidfall
Chaos in the Old World,2009,7.360,15656,3~4,4,60~120,https://boardgamegeek.com/boardgame/43111/chaos-in-the-old-world
War of the Ring,2004,7.360,10702,"2, 4",2,120,https://boardgamegeek.com/boardgame/9609/war-of-the-ring
Earth,2023,7.359,14289,1~4,2~3,45~90,https://boardgamegeek.com/boardgame/350184/earth
This War of Mine: The Board Game,2017,7.353,13176,1~3,1,45~120,https://boardgamegeek.com/boardgame/188920/this-war-of-mine-the-board-game
ISS Vanguard,2022,7.350,4357,1~4,1~2,90~120,https://boardgamegeek.com/boardgame/325494/iss-vanguard
Dune,2019,7.347,8791,5~6,6,120~180,https://boardgamegeek.com/boardgame/283355/dune
Planet Unknown,2022,7.346,8744,1~6,4,60~80,https://boardgamegeek.com/boardgame/258779/planet-unknown
Welcome to the Moon,2021,7.345,6607,1~6,1~4,25~30,https://boardgamegeek.com/boardgame/339789/welcome-to-the-moon
Descent: Journeys in the Dark (Second Edition),2012,7.345,25316,2~5,5,120,https://boardgamegeek.com/boardgame/104162/descent-journeys-in-the-dark-second-edition
Memoir '44,2004,7.344,30240,2,2,30~60,https://boardgamegeek.com/boardgame/10630/memoir-44
Cosmic Encounter,2008,7.339,33003,4~5+,5,60~120,https://boardgamegeek.com/boardgame/39463/cosmic-encounter
The Red Cathedral,2020,7.338,12219,1~4,3,80,https://boardgamegeek.com/boardgame/227224/the-red-cathedral
Sekigahara: The Unification of Japan,2011,7.338,5978,2,2,180,https://boardgamegeek.com/boardgame/25021/sekigahara-the-unification-of-japan
Star Wars: Outer Rim,2019,7.338,12613,1~4,3,120~180,https://boardgamegeek.com/boardgame/271896/star-wars-outer-rim
Azul: Summer Pavilion,2019,7.336,15846,2~4,2~3,30~45,https://boardgamegeek.com/boardgame/287954/azul-summer-pavilion
Castles of Mad King Ludwig,2014,7.335,25857,2~4,4,90,https://boardgamegeek.com/boardgame/155426/castles-of-mad-king-ludwig
Sagrada,2017,7.335,41540,1~4,2,30~45,https://boardgamegeek.com/boardgame/199561/sagrada
Horrified,2019,7.333,16614,1~5,3,60,https://boardgamegeek.com/boardgame/282524/horrified
Meadow,2021,7.330,10563,1~4,2,60~90,https://boardgamegeek.com/boardgame/314491/meadow
The Resistance: Avalon,2012,7.329,33696,5~10,7~8,30,https://boardgamegeek.com/boardgame/128882/the-resistance-avalon
Railways of the World,2005,7.329,12266,3~6,5,120,https://boardgamegeek.com/boardgame/17133/railways-of-the-world
Space Base,2018,7.320,19266,2~5,3~4,60,https://boardgamegeek.com/boardgame/242302/space-base
Ora et Labora,2011,7.320,11009,1~4,3,60~180,https://boardgamegeek.com/boardgame/70149/ora-et-labora
Ticket to Ride: Nordic Countries,2007,7.320,14128,2~3,3,30~60,https://boardgamegeek.com/boardgame/31627/ticket-to-ride-nordic-countries
A Game of Thrones: The Board Game (Second Edition),2011,7.319,34660,4~6,6,120~240,https://boardgamegeek.com/boardgame/103343/a-game-of-thrones-the-board-game-second-edition
Modern Art,1992,7.316,22577,3~5,4~5,45,https://boardgamegeek.com/boardgame/118/modern-art
Go,2200,7.314,17299,2,2,30~180,https://boardgamegeek.com/boardgame/188/go
Commands & Colors: Ancients,2006,7.310,8819,2,2,60,https://boardgamegeek.com/boardgame/14105/commands-and-colors-ancients
Paleo,2020,7.310,12405,1~4,2~3,45~60,https://boardgamegeek.com/boardgame/300531/paleo
Captain Sonar,2016,7.308,21523,6~8,8,45~60,https://boardgamegeek.com/boardgame/171131/captain-sonar
Great Western Trail: Argentina,2022,7.308,3737,1~4,3,75~150,https://boardgamegeek.com/boardgame/364011/great-western-trail-argentina
Suburbia,2012,7.306,25276,1~4,3,60~90,https://boardgamegeek.com/boardgame/123260/suburbia
Dead of Winter: A Crossroads Game,2014,7.304,46454,3~5,4,60~120,https://boardgamegeek.com/boardgame/150376/dead-of-winter-a-crossroads-game
Village,2011,7.303,23348,2~4,4,60~90,https://boardgamegeek.com/boardgame/104006/village
Ankh: Gods of Egypt,2021,7.299,9354,2~5,2,90,https://boardgamegeek.com/boardgame/285967/ankh-gods-of-egypt
Splendor,2014,7.298,80677,2~4,3,30,https://boardgamegeek.com/boardgame/148228/splendor
Carcassonne,2000,7.296,127296,2~5,2,30~45,https://boardgamegeek.com/boardgame/822/carcassonne
Ticket to Ride Legacy: Legends of the West,2023,7.295,2719,2~5,4,20~90,https://boardgamegeek.com/boardgame/390092/ticket-to-ride-legacy-legends-of-the-west
Tichu,1991,7.292,15579,4,4,60,https://boardgamegeek.com/boardgame/215/tichu
Nidavellir,2020,7.291,13600,2~5,3,45,https://boardgamegeek.com/boardgame/293014/nidavellir
Star Realms: Colony Wars,2015,7.286,8181,2+,2,20,https://boardgamegeek.com/boardgame/182631/star-realms-colony-wars
Under Falling Skies,2020,7.283,11393,1,1,20~40,https://boardgamegeek.com/boardgame/306735/under-falling-skies
Coimbra,2018,7.282,11958,2~4,3,60~90,https://boardgamegeek.com/boardgame/245638/coimbra
Paths of Glory,1999,7.280,5250,2,2,480,https://boardgamegeek.com/boardgame/91/paths-of-glory
Near and Far,2017,7.280,10428,2~4,3,90~120,https://boardgamegeek.com/boardgame/195421/near-and-far
Nations,2013,7.279,12302,1~5,3~4,40~200,https://boardgamegeek.com/boardgame/126042/nations
7 Wonders (Second Edition),2020,7.279,7857,3~7,4~5,30,https://boardgamegeek.com/boardgame/316377/7-wonders-second-edition
Calico,2020,7.278,18943,1~4,2,30~45,https://boardgamegeek.com/boardgame/283155/calico
Aeon's End: Legacy,2019,7.278,5143,1~4,2,45~90,https://boardgamegeek.com/boardgame/241451/aeons-end-legacy
YINSH,2003,7.277,9079,2,2,30~60,https://boardgamegeek.com/boardgame/7854/yinsh
Combat Commander: Europe,2006,7.277,5938,2,2,60~180,https://boardgamegeek.com/boardgame/21050/combat-commander-europe
Clash of Cultures: Monumental Edition,2021,7.276,3870,2~4,3~4,180~240,https://boardgamegeek.com/boardgame/299659/clash-of-cultures-monumental-edition
My City,2020,7.276,10957,2~4,4,30,https://boardgamegeek.com/boardgame/295486/my-city
Ticket to Ride,2004,7.274,90029,2~5,4,30~60,https://boardgamegeek.com/boardgame/9209/ticket-to-ride
Cyclades,2009,7.272,21605,3~5,4~5,60~90,https://boardgamegeek.com/boardgame/54998/cyclades
Dinosaur Island,2017,7.271,16096,1~4,3,90~120,https://boardgamegeek.com/boardgame/221194/dinosaur-island
Secret Hitler,2016,7.269,29140,6~10,8,45,https://boardgamegeek.com/boardgame/188834/secret-hitler
The Taverns of Tiefenthal,2019,7.268,14341,2~4,2~3,60,https://boardgamegeek.com/boardgame/269207/the-taverns-of-tiefenthal
Star Wars: The Deckbuilding Game,2023,7.263,6614,2,2,30,https://boardgamegeek.com/boardgame/374173/star-wars-the-deckbuilding-game
La Granja,2014,7.262,11160,1~4,3,90~120,https://boardgamegeek.com/boardgame/146886/la-granja
Codenames: Duet,2017,7.259,23223,2,2,15~30,https://boardgamegeek.com/boardgame/224037/codenames-duet
Nucleum,2023,7.259,4202,1~4,3,60~150,https://boardgamegeek.com/boardgame/396790/nucleum
KLASK,2014,7.258,10362,2,2,10,https://boardgamegeek.com/boardgame/165722/klask
Legendary: A Marvel Deck Building Game,2012,7.253,22638,1~4,3,30~60,https://boardgamegeek.com/boardgame/129437/legendary-a-marvel-deck-building-game
Century: Golem Edition,2017,7.252,12361,2~5,3~4,30~45,https://boardgamegeek.com/boardgame/232832/century-golem-edition
Deception: Murder in Hong Kong,2014,7.248,22703,5~12,6~8,20,https://boardgamegeek.com/boardgame/156129/deception-murder-in-hong-kong
Hanamikoji,2013,7.248,18573,2,2,15,https://boardgamegeek.com/boardgame/158600/hanamikoji
Fantasy Realms,2017,7.245,15296,2~5,2~3,20,https://boardgamegeek.com/boardgame/223040/fantasy-realms
Zombicide: Black Plague,2015,7.243,16223,1~6,3,60~180,https://boardgamegeek.com/boardgame/176189/zombicide-black-plague
MicroMacro: Crime City,2020,7.243,15962,1~3,2,15~45,https://boardgamegeek.com/boardgame/318977/micromacro-crime-city
"Unmatched: Battle of Legends, Volume One",2019,7.240,9078,"2, 4",2,20~40,https://boardgamegeek.com/boardgame/274637/unmatched-battle-of-legends-volume-one
Sushi Go Party!,2016,7.239,35170,2~8,4~5,20,https://boardgamegeek.com/boardgame/192291/sushi-go-party
Return to Dark Tower,2022,7.239,4268,1~4,4,100~120,https://boardgamegeek.com/boardgame/256680/return-to-dark-tower
Camel Up (Second Edition),2018,7.238,12930,3~8,5~6,30~45,https://boardgamegeek.com/boardgame/260605/camel-up-second-edition
Flamme Rouge,2016,7.238,18071,2~4,4,30~45,https://boardgamegeek.com/boardgame/199478/flamme-rouge
Roll Player,2016,7.237,20574,1~4,3,60~90,https://boardgamegeek.com/boardgame/169426/roll-player
Hallertau,2020,7.237,5855,1~4,2,50~140,https://boardgamegeek.com/boardgame/300322/hallertau
The Princes of Florence,2000,7.234,15565,3~5,5,75~100,https://boardgamegeek.com/boardgame/555/the-princes-of-florence
Isle of Skye: From Chieftain to King,2015,7.233,25538,2~5,3~4,30~50,https://boardgamegeek.com/boardgame/176494/isle-of-skye-from-chieftain-to-king
Kanban: Driver's Edition,2014,7.229,6866,2~4,3~4,90~120,https://boardgamegeek.com/boardgame/109276/kanban-drivers-edition
Samurai,1998,7.226,16366,2~4,3,30~60,https://boardgamegeek.com/boardgame/3/samurai
Glory to Rome,2005,7.226,14310,2~5,3~4,60,https://boardgamegeek.com/boardgame/19857/glory-to-rome
Vindication,2018,7.226,7358,2~5,4,45~150,https://boardgamegeek.com/boardgame/224783/vindication
Santorini,2016,7.223,38825,2~3,2,20,https://boardgamegeek.com/boardgame/194655/santorini
Goa: A New Expedition,2004,7.223,11523,2~4,4,90,https://boardgamegeek.com/boardgame/9216/goa-a-new-expedition
Pulsar 2849,2017,7.222,8878,2~4,4,60~90,https://boardgamegeek.com/boardgame/228341/pulsar-2849
Hero Realms,2016,7.221,18143,2~4,2,20,https://boardgamegeek.com/boardgame/198994/hero-realms
Detective: A Modern Crime Board Game,2018,7.220,10617,1~4,2,120~180,https://boardgamegeek.com/boardgame/223321/detective-a-modern-crime-board-game
1830: Railways & Robber Barons,1986,7.220,5652,3~6,4~5,180~360,https://boardgamegeek.com/boardgame/421/1830-railways-and-robber-barons
Tapestry,2019,7.219,20386,1~4,3,90~120,https://boardgamegeek.com/boardgame/286096/tapestry
Shogun,2006,7.215,14098,3~5,4~5,90~120,https://boardgamegeek.com/boardgame/20551/shogun
Western Legends,2018,7.215,11288,3~5,4,60~90,https://boardgamegeek.com/boardgame/232405/western-legends
Endless Winter: Paleoamericans,2022,7.214,8112,1~4,3,60~120,https://boardgamegeek.com/boardgame/305096/endless-winter-paleoamericans
Galaxy Trucker,2007,7.213,34233,2~4,4,60,https://boardgamegeek.com/boardgame/31481/galaxy-trucker
Viticulture,2013,7.208,13961,2~5,3~4,90,https://boardgamegeek.com/boardgame/128621/viticulture
Chronicles of Crime,2018,7.207,22649,1~3,2,60~90,https://boardgamegeek.com/boardgame/239188/chronicles-of-crime
1960: The Making of the President,2007,7.206,9311,2,2,90~120,https://boardgamegeek.com/boardgame/27708/1960-the-making-of-the-president
John Company: Second Edition,2022,7.200,3450,"1, 3~6",4~5,90~240,https://boardgamegeek.com/boardgame/332686/john-company-second-edition
Lewis & Clark: The Expedition,2013,7.200,15651,1~4,3,120,https://boardgamegeek.com/boardgame/140620/lewis-and-clark-the-expedition
Anno 1800: The Board Game,2020,7.199,7241,2~4,3,120,https://boardgamegeek.com/boardgame/311193/anno-1800-the-board-game
Steam,2009,7.195,10254,3~5,4,90,https://boardgamegeek.com/boardgame/27833/steam
Wyrmspan,2024,7.191,4817,1~4,3,90,https://boardgamegeek.com/boardgame/410201/wyrmspan
Kingdomino,2016,7.190,47715,2~4,2,15~25,https://boardgamegeek.com/boardgame/204583/kingdomino
Monikers,2015,7.190,6262,"4~12, 14",6,30~60,https://boardgamegeek.com/boardgame/156546/monikers
T.I.M.E Stories,2015,7.189,27725,2~4,4,90,https://boardgamegeek.com/boardgame/146508/time-stories
Bora Bora,2013,7.189,10266,2~4,4,60~120,https://boardgamegeek.com/boardgame/127060/bora-bora
Battle Line,2000,7.185,17524,2,2,30,https://boardgamegeek.com/boardgame/760/battle-line
Bitoku,2021,7.185,6051,1~4,3,120,https://boardgamegeek.com/boardgame/323612/bitoku
Oath,2021,7.184,7340,3~5,4,45~150,https://boardgamegeek.com/boardgame/291572/oath
Mind MGMT: The Psychic Espionage “Game.”,2021,7.184,5151,1~5,2~3,60,https://boardgamegeek.com/boardgame/284653/mind-mgmt-the-psychic-espionage-game
Forgotten Waters,2020,7.183,6081,2~7,5,120~240,https://boardgamegeek.com/boardgame/302723/forgotten-waters
Rococo,2013,7.180,9050,2~5,3,60~120,https://boardgamegeek.com/boardgame/144344/rococo
Marvel United,2020,7.179,10706,1~4,3,40,https://boardgamegeek.com/boardgame/298047/marvel-united
Hive,2001,7.178,37307,2,2,20,https://boardgamegeek.com/boardgame/2655/hive
Cryptid,2018,7.178,14639,3~5,4,30~50,https://boardgamegeek.com/boardgame/246784/cryptid
Arcadia Quest,2014,7.177,10468,2~4,4,60,https://boardgamegeek.com/boardgame/155068/arcadia-quest
Dixit: Odyssey,2011,7.173,21155,4~12,6,30,https://boardgamegeek.com/boardgame/92828/dixit-odyssey
Ethnos,2017,7.173,13553,2~6,4,45~60,https://boardgamegeek.com/boardgame/206718/ethnos
Dice Throne: Season Two – Battle Chest,2018,7.173,4623,2~4,2,20~40,https://boardgamegeek.com/boardgame/244271/dice-throne-season-two-battle-chest
Cthulhu Wars,2015,7.172,6202,3~4+,4,90~120,https://boardgamegeek.com/boardgame/139976/cthulhu-wars
Star Realms: Frontiers,2018,7.171,5209,1~4,2,20~45,https://boardgamegeek.com/boardgame/230253/star-realms-frontiers
Seasons,2012,7.171,25115,2~3,2,60,https://boardgamegeek.com/boardgame/108745/seasons
Kemet: Blood and Sand,2021,7.170,4717,3~5,4,90~180,https://boardgamegeek.com/boardgame/297562/kemet-blood-and-sand
Tiletum,2022,7.165,4987,1~3,2~3,60~100,https://boardgamegeek.com/boardgame/351913/tiletum
Long Shot: The Dice Game,2022,7.164,7703,1~8,4~5,25,https://boardgamegeek.com/boardgame/295374/long-shot-the-dice-game
The Manhattan Project: Energy Empire,2016,7.164,6185,1~5,4,60~120,https://boardgamegeek.com/boardgame/176734/the-manhattan-project-energy-empire
Imperial,2006,7.159,8808,3~6,4,120~180,https://boardgamegeek.com/boardgame/24181/imperial
Indonesia,2005,7.155,4696,3~5,4,180~240,https://boardgamegeek.com/boardgame/19777/indonesia
Navegador,2010,7.154,9262,2~5,4,60~90,https://boardgamegeek.com/boardgame/66589/navegador
Onitama,2014,7.153,22339,2,2,15~20,https://boardgamegeek.com/boardgame/160477/onitama
Telestrations,2009,7.152,18326,5~8+,8,30,https://boardgamegeek.com/boardgame/46213/telestrations
Dungeon Petz,2011,7.150,14934,2~4,4,90,https://boardgamegeek.com/boardgame/97207/dungeon-petz
Aeon's End: The New Age,2019,7.146,2728,1~4,2,60,https://boardgamegeek.com/boardgame/270633/aeons-end-the-new-age
So Clover!,2021,7.146,8035,2~6,3~4,30,https://boardgamegeek.com/boardgame/329839/so-clover
Power Grid Deluxe: Europe/North America,2014,7.145,4437,2~6,4~5,120,https://boardgamegeek.com/boardgame/155873/power-grid-deluxe-europenorth-america
Skull King,2013,7.145,10371,3~6,4~6,30,https://boardgamegeek.com/boardgame/150145/skull-king
Space Alert,2008,7.143,16110,3~5,4~5,30,https://boardgamegeek.com/boardgame/38453/space-alert
Age of Empires III: The Age of Discovery,2007,7.142,10306,3~5+,4~5,90~120,https://boardgamegeek.com/boardgame/22545/age-of-empires-iii-the-age-of-discovery
Arkham Horror (Third Edition),2018,7.141,9359,1~4,3,120~180,https://boardgamegeek.com/boardgame/257499/arkham-horror-third-edition
The King's Dilemma,2019,7.140,6025,4~5,5,45~60,https://boardgamegeek.com/boardgame/245655/the-kings-dilemma
Glass Road,2013,7.138,11698,1~4,2,20~80,https://boardgamegeek.com/boardgame/143693/glass-road
Turing Machine,2022,7.137,6698,1~4,1,20,https://boardgamegeek.com/boardgame/356123/turing-machine
Lost Cities,1999,7.135,46642,2,2,30,https://boardgamegeek.com/boardgame/50/lost-cities
Imperial Settlers,2014,7.135,24437,1~4,2,45~90,https://boardgamegeek.com/boardgame/154203/imperial-settlers
Nemo's War (Second Edition),2017,7.135,5330,1,1,60~120,https://boardgamegeek.com/boardgame/187617/nemos-war-second-edition
For Sale,1997,7.132,31085,3~6,5,30,https://boardgamegeek.com/boardgame/172/for-sale
Fury of Dracula (Third/Fourth Edition),2015,7.132,14624,2~5,3,120~180,https://boardgamegeek.com/boardgame/181279/fury-of-dracula-thirdfourth-edition
Survive: Escape from Atlantis!,1982,7.129,26121,2~4,4,45~60,https://boardgamegeek.com/boardgame/2653/survive-escape-from-atlantis
The Great Zimbabwe,2012,7.129,4847,2~5,4,90~150,https://boardgamegeek.com/boardgame/111341/the-great-zimbabwe
Summoner Wars: Master Set,2011,7.128,11028,"2, 4",2,30~60,https://boardgamegeek.com/boardgame/93260/summoner-wars-master-set
Imperium: Classics,2021,7.127,6760,1~2,1~2,60~120,https://boardgamegeek.com/boardgame/318184/imperium-classics
Love Letter,2012,7.127,67734,3~4,4,20,https://boardgamegeek.com/boardgame/129622/love-letter
Tikal,1999,7.126,20247,2~4,4,90,https://boardgamegeek.com/boardgame/54/tikal
Cat in the Box: Deluxe Edition,2022,7.125,7954,3~5,4,20~40,https://boardgamegeek.com/boardgame/345972/cat-in-the-box-deluxe-edition
Destinies,2021,7.125,8459,1~3,2,90~150,https://boardgamegeek.com/boardgame/285192/destinies
Arkham Horror: The Card Game (Revised Edition),2021,7.124,2539,1~4,2,45~180,https://boardgamegeek.com/boardgame/359609/arkham-horror-the-card-game-revised-edition
Imperial 2030,2009,7.124,6883,3~6,4,120~180,https://boardgamegeek.com/boardgame/54138/imperial-2030
Acquire,1963,7.124,20534,3~6,4,90,https://boardgamegeek.com/boardgame/5/acquire
The King Is Dead: Second Edition,2020,7.123,6973,2~4,3,30~45,https://boardgamegeek.com/boardgame/319966/the-king-is-dead-second-edition
Century: Spice Road,2017,7.122,25507,2~5,3~4,30~45,https://boardgamegeek.com/boardgame/209685/century-spice-road
Bunny Kingdom,2017,7.121,12980,2~4,4,40~60,https://boardgamegeek.com/boardgame/184921/bunny-kingdom
Bruges,2013,7.121,11729,2~4,3,60,https://boardgamegeek.com/boardgame/136888/bruges
Awkward Guests: The Walton Case,2016,7.120,8263,2~6,4,45~75,https://boardgamegeek.com/boardgame/188866/awkward-guests-the-walton-case
Heaven & Ale,2017,7.119,8580,2~4,4,60~90,https://boardgamegeek.com/boardgame/227789/heaven-and-ale
Alien Frontiers,2010,7.117,15265,2~4,3~4,90,https://boardgamegeek.com/boardgame/48726/alien-frontiers
Tiny Epic Galaxies,2015,7.117,20674,1~4,3,30~45,https://boardgamegeek.com/boardgame/163967/tiny-epic-galaxies
Runewars,2010,7.116,8390,2~4,4,180~240,https://boardgamegeek.com/boardgame/59294/runewars
Love Letter,2019,7.114,10182,3~6,4,20,https://boardgamegeek.com/boardgame/277085/love-letter
Exit: The Game – The Abandoned Cabin,2016,7.112,11454,1~4,2,60~120,https://boardgamegeek.com/boardgame/203420/exit-the-game-the-abandoned-cabin
Cloudspire,2019,7.111,3638,1~4,1~2,90~180,https://boardgamegeek.com/boardgame/262211/cloudspire
Burgle Bros.,2015,7.108,11500,1~4,3,45~90,https://boardgamegeek.com/boardgame/172081/burgle-bros
Chinatown,1999,7.106,11435,4~5,5,60,https://boardgamegeek.com/boardgame/47/chinatown
Above and Below,2015,7.105,16152,2~4,3,90,https://boardgamegeek.com/boardgame/172818/above-and-below
Bonfire,2020,7.105,6548,1~4,3,70~100,https://boardgamegeek.com/boardgame/304420/bonfire
Small World,2009,7.105,71408,2~5,4,40~80,https://boardgamegeek.com/boardgame/40692/small-world
Arboretum,2015,7.104,20777,2~4,2,30,https://boardgamegeek.com/boardgame/140934/arboretum
Nusfjord,2017,7.103,6422,1~5,1,20~100,https://boardgamegeek.com/boardgame/234277/nusfjord
Merchants & Marauders,2010,7.101,14278,2~4,4,180,https://boardgamegeek.com/boardgame/25292/merchants-and-marauders
Dead of Winter: The Long Night,2016,7.101,9960,3~5,4,60~120,https://boardgamegeek.com/boardgame/193037/dead-of-winter-the-long-night
Harmonies,2024,7.100,3632,1~4,2~3,30~45,https://boardgamegeek.com/boardgame/414317/harmonies
Neuroshima Hex! 3.0,2006,7.099,15092,2~4,2,30,https://boardgamegeek.com/boardgame/21241/neuroshima-hex-30
Flamecraft,2022,7.099,14080,1~5,3,60,https://boardgamegeek.com/boardgame/336986/flamecraft
Antiquity,2004,7.098,4479,2~4,2~3,120~180,https://boardgamegeek.com/boardgame/13122/antiquity
Tekhenu: Obelisk of the Sun,2020,7.096,5819,1~4,3,60~120,https://boardgamegeek.com/boardgame/297030/tekhenu-obelisk-of-the-sun
Raiders of Scythia,2020,7.096,5592,1~4,3,60~80,https://boardgamegeek.com/boardgame/301880/raiders-of-scythia
Mission: Red Planet (Second Edition),2015,7.095,11518,3~6,4,45~90,https://boardgamegeek.com/boardgame/176920/mission-red-planet-second-edition
Innovation,2010,7.095,18576,2~3,2,45~60,https://boardgamegeek.com/boardgame/63888/innovation
The Witcher: Old World,2023,7.094,5836,1~3,2~3,90~150,https://boardgamegeek.com/boardgame/331106/the-witcher-old-world
Summoner Wars (Second Edition),2021,7.093,3671,2,2,40~60,https://boardgamegeek.com/boardgame/332800/summoner-wars-second-edition
Bärenpark,2017,7.092,19017,2~4,4,30~45,https://boardgamegeek.com/boardgame/219513/barenpark
Sid Meier's Civilization: The Board Game,2010,7.092,15923,2~4,4,120~240,https://boardgamegeek.com/boardgame/77130/sid-meiers-civilization-the-board-game
Foundations of Rome,2022,7.091,3773,2~4+,3~4,60~90,https://boardgamegeek.com/boardgame/284189/foundations-of-rome
Dungeon Lords,2009,7.091,13964,2~4,4,90,https://boardgamegeek.com/boardgame/45315/dungeon-lords
Letters from Whitechapel,2011,7.091,16120,2~6,2,90,https://boardgamegeek.com/boardgame/59959/letters-from-whitechapel
Project L,2020,7.090,9633,1~4,2~3,20~40,https://boardgamegeek.com/boardgame/260180/project-l
BattleLore: Second Edition,2013,7.089,6394,2,2,45~90,https://boardgamegeek.com/boardgame/146439/battlelore-second-edition
Dixit,2008,7.089,64821,4~8,5~6,30,https://boardgamegeek.com/boardgame/39856/dixit
Gizmos,2018,7.089,12809,2~4,3,40~50,https://boardgamegeek.com/boardgame/246192/gizmos
Furnace,2020,7.083,10790,2~4,3~4,30~60,https://boardgamegeek.com/boardgame/318084/furnace
Harry Potter: Hogwarts Battle,2016,7.082,19314,2~4,2,30~60,https://boardgamegeek.com/boardgame/199042/harry-potter-hogwarts-battle
Takenoko,2011,7.081,44771,2~4,3,45,https://boardgamegeek.com/boardgame/70919/takenoko
Lords of Hellas,2018,7.078,7329,2~4,4,60~90,https://boardgamegeek.com/boardgame/222509/lords-of-hellas
Mysterium,2015,7.078,44098,3~7,5~6,42,https://boardgamegeek.com/boardgame/181304/mysterium
Ginkgopolis,2012,7.076,7995,1~4,2~3,45,https://boardgamegeek.com/boardgame/128271/ginkgopolis
Ghost Stories,2008,7.076,21322,1~4,4,60,https://boardgamegeek.com/boardgame/37046/ghost-stories
Sidereal Confluence,2017,7.075,5052,4~9,6,120~180,https://boardgamegeek.com/boardgame/202426/sidereal-confluence
Wayfarers of the South Tigris,2022,7.074,4624,1~4,2,60~90,https://boardgamegeek.com/boardgame/350316/wayfarers-of-the-south-tigris
Sea Salt & Paper,2022,7.072,9517,2~4,2,30~45,https://boardgamegeek.com/boardgame/367220/sea-salt-and-paper
51st State: Master Set,2016,7.072,6926,1~4,2,60~90,https://boardgamegeek.com/boardgame/192458/51st-state-master-set
Distilled,2023,7.072,4607,1~4,3,30~150,https://boardgamegeek.com/boardgame/295895/distilled
The Resistance,2009,7.072,40906,5~10,7,30,https://boardgamegeek.com/boardgame/41114/the-resistance
Star Wars: Armada,2015,7.071,5487,2+,2,120,https://boardgamegeek.com/boardgame/163745/star-wars-armada
Agricola: All Creatures Big and Small,2012,7.071,13768,2,2,30,https://boardgamegeek.com/boardgame/119890/agricola-all-creatures-big-and-small
Hannibal: Rome vs. Carthage,1996,7.069,5015,2,2,40~200,https://boardgamegeek.com/boardgame/234/hannibal-rome-vs-carthage
San Juan,2004,7.067,23817,2~4,3,45~60,https://boardgamegeek.com/boardgame/8217/san-juan
Carpe Diem,2018,7.066,7776,2~4,3,45~75,https://boardgamegeek.com/boardgame/245934/carpe-diem
Abyss,2014,7.065,15017,2~4,4,30~60,https://boardgamegeek.com/boardgame/155987/abyss
Blood Bowl: Team Manager – The Card Game,2011,7.065,11432,2~4,4,60~120,https://boardgamegeek.com/boardgame/90137/blood-bowl-team-manager-the-card-game
Newton,2018,7.064,7094,1~4,3,90,https://boardgamegeek.com/boardgame/244711/newton
Altiplano,2017,7.064,9132,2~4,3,60~120,https://boardgamegeek.com/boardgame/234487/altiplano
Mindbug: First Contact,2022,7.063,6164,2,2,15~25,https://boardgamegeek.com/boardgame/345584/mindbug-first-contact
Maria,2009,7.060,3635,3,3,210,https://boardgamegeek.com/boardgame/40354/maria
Unmatched: Robin Hood vs. Bigfoot,2019,7.056,4156,2,2,20,https://boardgamegeek.com/boardgame/274638/unmatched-robin-hood-vs-bigfoot
"Air, Land & Sea",2019,7.055,8305,2,2,20,https://boardgamegeek.com/boardgame/247367/air-land-and-sea
Mage Wars Arena,2012,7.054,7889,2+,2,90,https://boardgamegeek.com/boardgame/101721/mage-wars-arena
Forest Shuffle,2023,7.054,6465,2~4,2,40~60,https://boardgamegeek.com/boardgame/391163/forest-shuffle
Notre Dame,2007,7.053,13394,2~5,3~4,45~75,https://boardgamegeek.com/boardgame/25554/notre-dame
Marvel United: X-Men,2021,7.052,3581,1~5,3,40,https://boardgamegeek.com/boardgame/336382/marvel-united-x-men
The Pillars of the Earth,2006,7.052,17907,2~4,4,90~120,https://boardgamegeek.com/boardgame/24480/the-pillars-of-the-earth
Fall of Rome,2018,7.052,6251,1~5,3,45~60,https://boardgamegeek.com/boardgame/260428/fall-of-rome
Schotten Totten,1999,7.052,11694,2,2,20,https://boardgamegeek.com/boardgame/372/schotten-totten
Smartphone Inc.,2018,7.052,6275,3~5,5,60~90,https://boardgamegeek.com/boardgame/246684/smartphone-inc
Twice as Clever!,2019,7.051,8984,1~4,2,30,https://boardgamegeek.com/boardgame/269210/twice-as-clever
Gùgōng,2018,7.050,8948,1~5,3,60~90,https://boardgamegeek.com/boardgame/250458/gugong
At the Gates of Loyang,2009,7.047,11210,1~4,2,60~120,https://boardgamegeek.com/boardgame/39683/at-the-gates-of-loyang
Saint Petersburg,2004,7.042,16051,2~4,4,45~60,https://boardgamegeek.com/boardgame/9217/saint-petersburg
The Godfather: Corleone's Empire,2017,7.041,7722,2~5,4,60~90,https://boardgamegeek.com/boardgame/195539/the-godfather-corleones-empire
Downforce,2017,7.034,13885,2~6,3,20~40,https://boardgamegeek.com/boardgame/215311/downforce
Apiary,2023,7.034,4351,1~5,3,60~90,https://boardgamegeek.com/boardgame/400314/apiary
Die Macher,1986,7.033,5798,4~5,5,240,https://boardgamegeek.com/boardgame/1/die-macher
King of Tokyo,2011,7.031,70832,3~6,4~5,30,https://boardgamegeek.com/boardgame/70323/king-of-tokyo
Dead Reckoning,2022,7.030,3003,1~4,3,90~150,https://boardgamegeek.com/boardgame/276182/dead-reckoning
Arkham Horror,2005,7.029,39516,1~6,4,120~240,https://boardgamegeek.com/boardgame/15987/arkham-horror
Endeavor,2009,7.028,9545,3~5,4~5,90,https://boardgamegeek.com/boardgame/33160/endeavor
Pax Renaissance: 2nd Edition,2021,7.028,2326,2~4,2~3,60~120,https://boardgamegeek.com/boardgame/308119/pax-renaissance-2nd-edition
Ticket to Ride: Märklin,2006,7.026,9206,2~5,4,30~60,https://boardgamegeek.com/boardgame/21348/ticket-to-ride-marklin
Blitzkrieg!: World War Two in 20 Minutes,2019,7.025,5748,1~2,2,20~45,https://boardgamegeek.com/boardgame/258210/blitzkrieg-world-war-two-in-20-minutes
In the Year of the Dragon,2007,7.024,12113,2~5,4~5,75~100,https://boardgamegeek.com/boardgame/31594/in-the-year-of-the-dragon
Frostpunk: The Board Game,2022,7.024,3164,1~2,1,120~150,https://boardgamegeek.com/boardgame/311988/frostpunk-the-board-game
Tiny Towns,2019,7.023,19443,1~5,3,45~60,https://boardgamegeek.com/boardgame/265736/tiny-towns
Dice Forge,2017,7.022,22025,2~4,4,45,https://boardgamegeek.com/boardgame/194594/dice-forge
London (Second Edition),2017,7.022,6959,2~4,3,60~90,https://boardgamegeek.com/boardgame/236191/london-second-edition
Evolution: Climate,2016,7.021,8043,2~6,4,60,https://boardgamegeek.com/boardgame/182134/evolution-climate
Skull,2011,7.020,23843,3~6,5~6,15~45,https://boardgamegeek.com/boardgame/92415/skull
Azul: Stained Glass of Sintra,2018,7.019,13517,2~4,3,30~45,https://boardgamegeek.com/boardgame/256226/azul-stained-glass-of-sintra
Bruxelles 1893,2013,7.018,5576,2~5,4,50~125,https://boardgamegeek.com/boardgame/144592/bruxelles-1893
Here I Stand,2006,7.017,3911,"3, 6",6,180~360,https://boardgamegeek.com/boardgame/17392/here-i-stand
San Juan (Second Edition),2014,7.016,7402,2~4,3,45~60,https://boardgamegeek.com/boardgame/166669/san-juan-second-edition
Cubitos,2021,7.015,8706,2~4,4,30~60,https://boardgamegeek.com/boardgame/298069/cubitos
Chess,1475,7.014,36631,2,2,N/A,https://boardgamegeek.com/boardgame/171/chess
The Guild of Merchant Explorers,2022,7.014,4651,1~4,2,45,https://boardgamegeek.com/boardgame/350933/the-guild-of-merchant-explorers
Mythic Battles: Pantheon,2017,7.014,3262,2~4,2,60~90,https://boardgamegeek.com/boardgame/186751/mythic-battles-pantheon
Codenames: Pictures,2016,7.014,22778,4~8+,6,15,https://boardgamegeek.com/boardgame/198773/codenames-pictures
Civilization,1980,7.012,7525,4~7,7,360,https://boardgamegeek.com/boardgame/71/civilization
Honey Buzz,2020,7.011,6280,1~4,3,45~90,https://boardgamegeek.com/boardgame/284742/honey-buzz
King of Tokyo: Dark Edition,2020,7.009,5340,3~6,4~5,30,https://boardgamegeek.com/boardgame/293141/king-of-tokyo-dark-edition
Spartacus: A Game of Blood and Treachery,2012,7.009,8905,3~4+,4,120~180,https://boardgamegeek.com/boardgame/128671/spartacus-a-game-of-blood-and-treachery
Firefly: The Game,2013,7.008,12076,1~4,3,120~240,https://boardgamegeek.com/boardgame/138161/firefly-the-game
Biblios,2007,7.006,17696,2~4,3,30,https://boardgamegeek.com/boardgame/34219/biblios
IKI,2015,7.006,5285,2~4,4,60~90,https://boardgamegeek.com/boardgame/177478/iki
Boonlake,2021,7.005,4973,1~4,3,80~160,https://boardgamegeek.com/boardgame/343905/boonlake
Dorfromantik: The Board Game,2022,7.004,5423,1~3,1~2,30~60,https://boardgamegeek.com/boardgame/370591/dorfromantik-the-board-game
Descent: Legends of the Dark,2021,7.004,4728,1~4,4,120~180,https://boardgamegeek.com/boardgame/322708/descent-legends-of-the-dark
Sherlock Holmes Consulting Detective: Jack the Ripper & West End Adventures,2016,7.004,6019,1~4,2,60~120,https://boardgamegeek.com/boardgame/204305/sherlock-holmes-consulting-detective-jack-the-ripp
Sword & Sorcery,2017,7.003,4996,1~4,1~2,60~90,https://boardgamegeek.com/boardgame/170771/sword-and-sorcery
Santa Maria,2017,7.003,6955,1~4,3,45~90,https://boardgamegeek.com/boardgame/229220/santa-maria
Wavelength,2019,7.003,13529,4~12,6,30~45,https://boardgamegeek.com/boardgame/262543/wavelength
Sprawlopolis,2018,6.999,10766,1~2,1,15~20,https://boardgamegeek.com/boardgame/251658/sprawlopolis
Akropolis,2022,6.999,6989,2~4,3,20~30,https://boardgamegeek.com/boardgame/357563/akropolis
Space Hulk (Third Edition),2009,6.998,7134,2,2,60,https://boardgamegeek.com/boardgame/54625/space-hulk-third-edition
Clash of Cultures,2012,6.997,5791,2~4,3~4,180~240,https://boardgamegeek.com/boardgame/40765/clash-of-cultures
Fresco,2010,6.996,13179,2~4,4,60,https://boardgamegeek.com/boardgame/66188/fresco
Cartographers Heroes,2021,6.996,4379,1~10,3~4,30~45,https://boardgamegeek.com/boardgame/315767/cartographers-heroes
Nippon,2015,6.995,4947,2~4,4,60~120,https://boardgamegeek.com/boardgame/154809/nippon
Macao,2009,6.993,7495,2~4,3,50~100,https://boardgamegeek.com/boardgame/55670/macao
Millennium Blades,2016,6.992,5101,2~5,3~4,80~120,https://boardgamegeek.com/boardgame/151347/millennium-blades
Stockpile,2015,6.991,7201,3~5,4~5,45,https://boardgamegeek.com/boardgame/161614/stockpile
Thunderstone Quest,2018,6.991,4449,2~3,2,60~90,https://boardgamegeek.com/boardgame/215341/thunderstone-quest
Expeditions,2023,6.989,5275,1~3,3,60~90,https://boardgamegeek.com/boardgame/379078/expeditions
Mice and Mystics,2012,6.988,19600,1~4,4,60~90,https://boardgamegeek.com/boardgame/124708/mice-and-mystics
Flash Point: Fire Rescue,2011,6.988,24289,1~6,4,45,https://boardgamegeek.com/boardgame/100901/flash-point-fire-rescue
Dune,1979,6.988,5886,4~6,6,60~180,https://boardgamegeek.com/boardgame/121/dune
Claustrophobia,2009,6.987,7060,2,2,45,https://boardgamegeek.com/boardgame/36932/claustrophobia
Advanced Squad Leader,1985,6.987,3851,1~2,2,120~480,https://boardgamegeek.com/boardgame/243/advanced-squad-leader
Kingsburg,2007,6.984,19702,2~5,4,90,https://boardgamegeek.com/boardgame/27162/kingsburg
The Manhattan Project,2012,6.984,9923,2~5,4,120,https://boardgamegeek.com/boardgame/63628/the-manhattan-project
Pan Am,2020,6.982,6165,2~4,3~4,60,https://boardgamegeek.com/boardgame/303057/pan-am
The Great Wall,2021,6.981,4189,1~4,3,120~180,https://boardgamegeek.com/boardgame/292375/the-great-wall
Mandala,2019,6.980,6118,2,2,20,https://boardgamegeek.com/boardgame/264241/mandala
Imperial Struggle,2020,6.979,2725,2,2,120~240,https://boardgamegeek.com/boardgame/206480/imperial-struggle
The Lord of the Rings: The Card Game – Revised Core Set,2022,6.978,2449,1~3,1~2,30~90,https://boardgamegeek.com/boardgame/349067/the-lord-of-the-rings-the-card-game-revised-core-s
Commands & Colors: Napoleonics,2010,6.976,3240,2,2,90,https://boardgamegeek.com/boardgame/62222/commands-and-colors-napoleonics
PitchCar,1995,6.976,11037,2~8,5~6,30,https://boardgamegeek.com/boardgame/150/pitchcar
Lord of the Rings: The Confrontation,2005,6.974,6421,2,2,30,https://boardgamegeek.com/boardgame/18833/lord-of-the-rings-the-confrontation
Black Orchestra,2016,6.974,6496,1~5,3,90,https://boardgamegeek.com/boardgame/156858/black-orchestra
Marrakesh,2022,6.973,2669,2~4,3,120,https://boardgamegeek.com/boardgame/342810/marrakesh
Heroscape Master Set: Rise of the Valkyrie,2004,6.973,8282,2~4,2,90,https://boardgamegeek.com/boardgame/11170/heroscape-master-set-rise-of-the-valkyrie
Reign of Cthulhu,2016,6.972,10317,1~4,4,40,https://boardgamegeek.com/boardgame/192153/reign-of-cthulhu
Pipeline,2019,6.971,5081,2~4,3,60~120,https://boardgamegeek.com/boardgame/256730/pipeline
Middara: Unintentional Malum – Act 1,2019,6.970,2510,1~4,4,60,https://boardgamegeek.com/boardgame/169427/middara-unintentional-malum-act-1
Glen More,2010,6.969,9296,2~5,4,60,https://boardgamegeek.com/boardgame/66362/glen-more
A Few Acres of Snow,2011,6.968,7986,2,2,60~90,https://boardgamegeek.com/boardgame/79828/a-few-acres-of-snow
Lancaster,2011,6.968,7513,3~5,4,60,https://boardgamegeek.com/boardgame/96913/lancaster
